,,,
psp conecter 1,,,
psp pin,about,conect pi pico,
14,led +5.5v,,conect led + resistor to status on
13,charge_led,,
12,Power_led,,
11,key_hold,,
10,key_power,,
9,gnd,,
8,gnd,,
7,gnd,,
6,gnd,,
5,key_cross,gp4,
4,Key_circle,gp5,
3,key_triangle,gp6,
2,key_r1,gp7,
1,key_square,gp8,
,,,
psp conecter 2,,, 
psp pin,about,conect pi pico,
10,key_start,gp9,
9,key_select,gp10,
8,key_sound,,
7,key_display,gp11,
6,gnd,,
5,gnd,,
4,gnd,,
3,key_volup,,
2,key_voldown,,
1,key_home,gp12,
,,,
psp conecter 3,,,
psp pin,about,conect pi pico,
10,gnd,,
9,gnd,,
8,gnd,,
7,gnd,,
6,gnd,,
5,key_down,gp13,
4,key_left,gp14,
3,key_up,gp15,
2,key_right,gp16,
1,key_l1,gp17,
,,,
,,,
ps1 controller pin,about,conect pi pico,
1,Dat = data,gp0 Pull up resister 4.7k to 3.3v or pin 4vcc,
2,CMD = Comnad,gp1,
3,GND,gnd,
4,VCC,3v3(OUT),
5,ATT = Attention (SS),gp2,
6,CLK = Clock,gp3,
7,IRQ,,
8,ACK = Acknownledge,,
,,,
x9c103s digital potentiometer module item1,,,
pin,about,conect pi pico,
1,vcc,5v,
2,cs,gnd,
3,inc,gp18,
4,u/d,gp19,
5,gnd,gnd,
6,vh,red,
7,vw,yellow,
8,vl,black,
,,,
x9c103s digital potentiometer module item2,,,
pin,about,conect pi pico,
1,vcc,5v,
2,cs,gnd,
3,inc,gp20,
4,u/d,gp21,
5,gnd,gnd,
6,vh,red,
7,vw,blue,
8,vl,black,
,,,
,,,
psp analog pin,about,conect to x9c103s,
1,black,vl x9c103s 1&2,
2,yellow,vw x9c103s 1,
3,red,vh x9c103s 1&2,
4,blue,vw x9c103s 2,
,,,
power switch กดติด ปลอยดับ ,,,
pin,psp conect 1 pin,conect ,
1,10/Key_power,p/w pin1,
2,9/gnd,p/w pin2,
,,,
,code ps1controller_library.py,,
,"import time
from machine import Pin

# ค่าคงที่ของปุ่มกดต่างๆ
PSB_SELECT      = 0x0001
PSB_L3          = 0x0002
PSB_R3          = 0x0004
PSB_START       = 0x0008
PSB_PAD_UP      = 0x0010
PSB_PAD_RIGHT   = 0x0020
PSB_PAD_DOWN    = 0x0040
PSB_PAD_LEFT    = 0x0080
PSB_L2          = 0x0100
PSB_R2          = 0x0200
PSB_L1          = 0x0400
PSB_R1          = 0x0800
PSB_GREEN       = 0x1000
PSB_RED         = 0x2000
PSB_BLUE        = 0x4000
PSB_PINK        = 0x8000
PSB_TRIANGLE    = 0x1000
PSB_CIRCLE      = 0x2000
PSB_CROSS       = 0x4000
PSB_SQUARE      = 0x8000

# ค่าคงที่สำหรับแกนอนาล็อก (Stick values)
PSS_RX = 5
PSS_RY = 6
PSS_LX = 7
PSS_LY = 8

# ปุ่ม Analog (Index ของข้อมูลในอาเรย์ PS2data)
PSAB_PAD_RIGHT  = 9
PSAB_PAD_UP     = 11
PSAB_PAD_DOWN   = 12
PSAB_PAD_LEFT   = 10
PSAB_L2         = 19
PSAB_R2         = 20
PSAB_L1         = 17
PSAB_R1         = 18
PSAB_GREEN      = 13
PSAB_RED        = 14
PSAB_BLUE       = 15
PSAB_PINK       = 16
PSAB_TRIANGLE   = 13
PSAB_CIRCLE     = 14
PSAB_CROSS      = 15
PSAB_SQUARE     = 16

class PS2X:
    def __init__(self, clk, cmd, att, dat):
        # กำหนดพอร์ต IN/OUT
        self.clk = Pin(clk, Pin.OUT)
        self.cmd = Pin(cmd, Pin.OUT)
        self.att = Pin(att, Pin.OUT)
        self.dat = Pin(dat, Pin.IN, Pin.PULL_UP)
        
        # กำหนดสถานะเริ่มต้นของ Pins
        self.clk.value(1)
        self.cmd.value(1)
        self.att.value(1)
        
        self.ps2data = [0] * 21
        self.buttons = 0
        self.last_buttons = 0
        self.read_delay = 1
        self.last_read = time.ticks_ms()
        
        self.en_rumble = False
        self.en_pressures = False
        self.controller_type = 0
        
        # ชุดคำสั่งตั้งค่าพื้นฐาน
        self.enter_config = [0x01, 0x43, 0x00, 0x01, 0x00]
        self.set_bytes_large = [0x01, 0x4F, 0x00, 0xFF, 0xFF, 0x03, 0x00, 0x00, 0x00]
        self.exit_config = [0x01, 0x43, 0x00, 0x00, 0x5A, 0x5A, 0x5A, 0x5A, 0x5A]
        self.enable_rumble = [0x01, 0x4D, 0x00, 0x00, 0x01]
        self.type_read = [0x01, 0x45, 0x00, 0x5A, 0x5A, 0x5A, 0x5A, 0x5A, 0x5A]

    def _gamepad_shiftinout(self, byte_out):
        """""" ฟังก์ชัน Bit-banging สำหรับสื่อสารแบบ SPI กับจอย """"""
        tmp = 0
        for i in range(8):
            # ตั้งค่าข้อมูลบนขาส่ง CMD
            self.cmd.value((byte_out >> i) & 1)
            # ดึงขา CLK ลงต่ำ
            self.clk.value(0)
            time.sleep_us(4) # CTRL_CLK Delay
            
            # อ่านข้อมูลบนขารับ DAT
            if self.dat.value():
                tmp |= (1 << i)
                
            # ดึงขา CLK ขึ้นสูง
            self.clk.value(1)
            
        self.cmd.value(1)
        time.sleep_us(3) # CTRL_BYTE_DELAY
        return tmp

    def send_command_string(self, cmd_string):
        """""" ส่งชุดคำสั่งต่อเนื่องไปยังจอยสติ๊ก """"""
        self.att.value(0)
        for byte_val in cmd_string:
            self._gamepad_shiftinout(byte_val)
        self.att.value(1)
        time.sleep_ms(self.read_delay)

    def config_gamepad(self, pressures=False, rumble=False, analog_mode=False, lock_analog=False):
        """""" 
        กระบวนการตั้งค่าเชื่อมต่อกับจอยสติ๊ก 
        - analog_mode: True = เปิดไฟแดงอัตโนมัติ, False = ปิดไฟแดงตอนเริ่มต้น
        - lock_analog: True = ล็อคปุ่มห้ามผู้ใช้กด, False = ผู้ใช้กดเปิด/ปิดเองได้
        """"""
        self.en_pressures = pressures
        self.en_rumble = rumble
        
        # สร้างคำสั่ง set_mode ตามที่ผู้ใช้กำหนด (แก้ปัญหาไฟติดทันที)
        mode_val = 0x01 if analog_mode else 0x00
        lock_val = 0x03 if lock_analog else 0x00
        set_mode_cmd = [0x01, 0x44, 0x00, mode_val, lock_val, 0x00, 0x00, 0x00, 0x00]
        
        # อ่านทิ้งเพื่อล้างบัฟเฟอร์
        self.read_gamepad()
        self.read_gamepad()
        
        # วนลูปตั้งค่า
        for y in range(11):
            self.send_command_string(self.enter_config)
            
            # ตรวจสอบประเภทจอย
            self.att.value(0)
            time.sleep_us(3)
            temp = [self._gamepad_shiftinout(b) for b in self.type_read]
            self.att.value(1)
            self.controller_type = temp[3]
            
            # ส่งคำสั่งตั้งค่า
            self.send_command_string(set_mode_cmd)
            
            if self.en_rumble:
                self.send_command_string(self.enable_rumble)
            if self.en_pressures:
                self.send_command_string(self.set_bytes_large)
                
            self.send_command_string(self.exit_config)
            self.read_gamepad()
            
            # เช็คว่าจอยตอบกลับมาถูกต้องหรือไม่ (0x73 = ปกติ, 0x79 = โหมดแรงกด)
            if self.ps2data[1] == 0x73 or (self.en_pressures and self.ps2data[1] == 0x79):
                return 0 # เชื่อมต่อสำเร็จ
                
            self.read_delay += 1
            time.sleep_ms(10)
            
        return 1 # ล้มเหลว

    def read_gamepad(self, motor1=False, motor2=0x00):
        """""" อ่านสถานะปุ่มกดและอนาล็อก """"""
        current_time = time.ticks_ms()
        if time.ticks_diff(current_time, self.last_read) < self.read_delay:
            time.sleep_ms(self.read_delay)
            
        self.last_buttons = self.buttons
        
        if motor2 != 0x00:
            motor2 = int((motor2 / 255.0) * (0xFF - 0x40) + 0x40)
            
        self.cmd.value(1)
        self.clk.value(1)
        self.att.value(0) # low enable joystick
        time.sleep_us(3)
        
        dword = [0x01, 0x42, 0, motor1, motor2, 0, 0, 0, 0]
        
        # อ่านข้อมูลชุดแรก 9 ไบต์
        for i in range(9):
            self.ps2data[i] = self._gamepad_shiftinout(dword[i])
            
        # ถ้าอยู่ในโหมด Full data คืนค่า 0x79 ให้อ่านข้อมูลต่ออีก 12 ไบต์
        if self.ps2data[1] == 0x79:
            dword2 = [0] * 12
            for i in range(12):
                self.ps2data[i+9] = self._gamepad_shiftinout(dword2[i])
                
        self.att.value(1) # HI disable joystick
        
        # จัดเก็บค่าสถานะปุ่ม
        self.buttons = self.ps2data[3] | (self.ps2data[4] << 8)
        self.buttons = ~self.buttons & 0xFFFF
        self.last_read = time.ticks_ms()

    def button(self, button_mask):
        return (self.buttons & button_mask) > 0

    def new_button_state(self, button_mask=None):
        if button_mask is None:
            return (self.last_buttons ^ self.buttons) > 0
        return ((self.last_buttons ^ self.buttons) & button_mask) > 0

    def button_pressed(self, button_mask):
        return self.new_button_state(button_mask) and self.button(button_mask)

    def button_released(self, button_mask):
        return self.new_button_state(button_mask) and not self.button(button_mask)

    def analog(self, analog_button):
        """""" อ่านค่าแกนอนาล็อก (0-255) โปรดเปิดโหมดอนาล็อกก่อนอ่าน """"""
        return self.ps2data[analog_button]",,
,,,
,code ต้นแบบที่เปัน ps2psp.ino ที่ต้องแปลงเปัน micropython ,,
,"/*
 * PS2 to PSP Arduino Firmware
 * 
 * IDEAS
 * Reconsider caching button presses each loop
 */

#include <Wire.h>
#include <PS2X_lib.h>

#define JUMPER_PIN 25

// PS2 Controller //////////////////
#define PS2_DAT 23
#define PS2_CMD 4
#define PS2_SEL 3
#define PS2_CLK 2

PS2X ps2x;
byte ps2xError = 1; // starts as 1 to trigger the initial connection attempt


// PSP Button Pins //////////////////
#define PORT_B 0
#define PORT_C 1
#define PORT_D 2
#define PORT_E 3

typedef struct {
  const byte port;
  const byte num;
  bool pressed;
} pinDef;

pinDef upPin = { PORT_B, 3 };
pinDef downPin = { PORT_B, 1 };
pinDef leftPin = { PORT_B, 2 };
pinDef rightPin = { PORT_B, 4 };
pinDef leftShoulderPin = { PORT_B, 5 };

pinDef crossPin = { PORT_B, 7 };
pinDef squarePin = { PORT_B, 0 };
pinDef circlePin = { PORT_D, 5 };
pinDef trianglePin = { PORT_D, 6};
pinDef rightShoulderPin = { PORT_D, 7 };
pinDef powerPin = { PORT_B, 6 };

pinDef homePin = { PORT_E, 3 };
// pinDef volumeDownPin = { PORT_D, 0 }; // serial
// pinDef volumeUpPin = { PORT_D, 1 }; // serial
pinDef videoPin = { PORT_C, 0 };
pinDef eqPin = { PORT_C, 1 };
pinDef selectPin = { PORT_C, 2 };
pinDef startPin = { PORT_C, 3 };


// Button Mappings ///////////////////
#define SECONDARY_MAPPING_COMBO_HOLD_MILLIS 250

typedef struct {
  pinDef* pin;
  unsigned int buttonA;
  unsigned int buttonB;
} pinButtonMapping;

typedef struct {
  unsigned int buttonA;
  unsigned int buttonB;
  unsigned long pressedMillis;
} buttonCombo;

pinButtonMapping primaryMappings[] = {
  { &upPin, PSB_PAD_UP },
  { &downPin, PSB_PAD_DOWN },
  { &leftPin, PSB_PAD_LEFT },
  { &rightPin, PSB_PAD_RIGHT },
  { &leftShoulderPin, PSB_L1, PSB_L2 },

  { &crossPin, PSB_CROSS },
  { &squarePin, PSB_SQUARE },
  { &circlePin, PSB_CIRCLE },
  { &trianglePin, PSB_TRIANGLE },
  { &rightShoulderPin, PSB_R1, PSB_R2 },

  { &startPin, PSB_START },
  { &selectPin, PSB_SELECT }
};
const byte primaryMappingsSize = sizeof(primaryMappings) / sizeof(pinButtonMapping);

pinButtonMapping secondaryMappings[] = {
  { &homePin, PSB_START },
  { &powerPin, PSB_SELECT },
  { &videoPin, PSB_SQUARE },
  { &eqPin, PSB_CIRCLE },
  //  { &volumeUpPin, PSB_PAD_UP },
  //  { &volumeDownPin, PSB_PAD_DOWN },
};
const byte secondaryMappingsSize = sizeof(secondaryMappings) / sizeof(pinButtonMapping);

buttonCombo secondaryMappingCombo = { PSB_L2, PSB_R2 };
pinButtonMapping *currentMapping = primaryMappings;
byte currentMappingSize = primaryMappingsSize;


// Analog Sticks ////////////////////
#define LEFT_STICK_DEADZONE 30
#define LEFT_ANALOG_MODE_COUNT 2
#define LEFT_ANALOG_MODE_STICK 0
#define LEFT_ANALOG_MODE_PSX 1

#define THRESHOLD_STICK_DEADZONE 50
#define RIGHT_ANALOG_MODE_COUNT 2
#define RIGHT_ANALOG_MODE_DISABLED 0
#define RIGHT_ANALOG_MODE_THRESHOLD 1

byte leftAnalogMode = 0;
byte rightAnalogMode = 0;
byte thresholdMagnitude;
double thresholdAngle;


// LED /////////////////////////////
#define LED_PIN 24

byte ledTotalPulses = 0;
byte ledCurrentPulse = 0;
byte ledPulseLengthMillis = 50;
unsigned long ledLastMillis = 0;


// Setup & Loop //////////////////////////

void setup() {
  Serial.begin(57600);

  Wire.begin();
  centerPot();
  pinMode(JUMPER_PIN, INPUT_PULLUP);
  pinMode(LED_PIN, OUTPUT);
  digitalWrite(LED_PIN, HIGH);

  delay(500); // wait for psp to accept power signal
  if (digitalRead(JUMPER_PIN)) { // if jumper open
    powerUp();  
    delay(14000); // wait for date/time screen
    digitalWrite(LED_PIN, LOW);
    startVideoOut();
  }
  
  while (ps2xError) { // wait for controller and connect
    ps2xError = ps2x.config_gamepad(PS2_CLK, PS2_CMD, PS2_SEL, PS2_DAT, false, false);
  }
  digitalWrite(LED_PIN, HIGH);
}

void loop() {
  delay(2);
  ps2x.read_gamepad();
  updateLedFlash();

  updateCurrentMapping();
  resetPinPressed();

  updateButtons(currentMapping, currentMappingSize);
  updateLeftAnalog();
  updateRightAnalog();

  releaseUnusedPins();
}

// Functions ////////////////////////////

void updateButtons(pinButtonMapping mapping[], byte mappingSize){
  for (byte i = 0; i < mappingSize; i++){
    if (ps2x.Button(mapping[i].buttonA) || (!psxModeActive() && mapping[i].buttonB && ps2x.Button(mapping[i].buttonB))) {
      pressPin(mapping[i].pin);
    }

    if (psxModeActive()) { handleL2R2PSX(); }
  }
}

void handleL2R2PSX() {
  if (ps2x.Button(PSB_L2) && ps2x.Button(PSB_R2)) {
    setPot(127, 64); // up
  } else if (ps2x.Button(PSB_L2)) {
    setPot(64, 127); // left
  } else if (ps2x.Button(PSB_R2)) {
    setPot(191, 127); // right
  } else {
    centerPot();
  }
}

void updateCurrentMapping() {
  if (ps2x.Button(secondaryMappingCombo.buttonA) && ps2x.Button(secondaryMappingCombo.buttonB)){
    if (!secondaryMappingCombo.pressedMillis) { secondaryMappingCombo.pressedMillis = millis(); }
  } else {
    secondaryMappingCombo.pressedMillis = 0;
  }

  if (secondaryMappingCombo.pressedMillis && (millis() - secondaryMappingCombo.pressedMillis > SECONDARY_MAPPING_COMBO_HOLD_MILLIS)){
    currentMapping = secondaryMappings;
    currentMappingSize = secondaryMappingsSize;
  } else {
    currentMapping = primaryMappings;
    currentMappingSize = primaryMappingsSize;
  }
}

void pressPin(pinDef* pin){
  pin->pressed = true;

  switch(pin->port){
    case PORT_B:
      DDRB = DDRB | (1 << pin->num);
      PORTB = PORTB & ~(1 << pin->num);
      break;
    case PORT_C:
      DDRC = DDRC | (1 << pin->num);
      PORTC = PORTC & ~(1 << pin->num);
      break;
    case PORT_D:
      DDRD = DDRD | (1 << pin->num);
      PORTD = PORTD & ~(1 << pin->num);
      break;
    case PORT_E:
      DDRE = DDRE | (1 << pin->num);
      PORTE = PORTE & ~(1 << pin->num);
      break;
  }
}

void releasePin(pinDef* pin){
  switch(pin->port){
    case PORT_B:
      DDRB = DDRB & ~(1 << pin->num);
      break;
    case PORT_C:
      DDRC = DDRC & ~(1 << pin->num);
      break;
    case PORT_D:
      DDRD = DDRD & ~(1 << pin->num);
      break;
    case PORT_E:
      DDRE = DDRE & ~(1 << pin->num);
      break;
  }
}

void resetPinPressed() {
  for(byte i = 0; i < currentMappingSize; i++){
    currentMapping[i].pin->pressed = false;
  }
}

void releaseUnusedPins(){
  for(byte i = 0; i < currentMappingSize; i++){
    if (!(currentMapping[i].pin->pressed)){
      releasePin(currentMapping[i].pin);
    }
  }
}

int magnitude(int x, int y) {
  return sqrt((pow(x, 2)+pow(y, 2)));
}

byte currentTick = 0;
byte tickLength = 16; // ms ~60fps
unsigned long tickTime = 0;
void updateLeftAnalog(){
  if (ps2x.ButtonReleased(PSB_L3)){
    leftAnalogMode = (leftAnalogMode + 1) % LEFT_ANALOG_MODE_COUNT;
    centerPot();
    startLedFlash(2, 100);
  }

  switch(leftAnalogMode){
    case LEFT_ANALOG_MODE_STICK:
      if (magnitude(ps2x.Analog(PSS_LX) - 127, ps2x.Analog(PSS_LY) - 127) > LEFT_STICK_DEADZONE){
        setPot(127 + ((ps2x.Analog(PSS_LX) - 127) / 1.5), 127 + ((ps2x.Analog(PSS_LY) - 127) / 1.5));
      } else {
        centerPot();
      }
      break;
    case LEFT_ANALOG_MODE_PSX:
      thresholdStick(PSS_LX, PSS_LY, &downPin, &upPin, &leftPin, &rightPin);
      break;
  }
}

void updateRightAnalog(){
  if (ps2x.ButtonReleased(PSB_R3)){
    rightAnalogMode = (rightAnalogMode + 1) % RIGHT_ANALOG_MODE_COUNT;
    startLedFlash(2, 100);
  }
  
  switch(rightAnalogMode){
    case RIGHT_ANALOG_MODE_THRESHOLD:
      thresholdStick(PSS_RX, PSS_RY, &crossPin, &trianglePin, &squarePin, &circlePin);
      break;
  }
}

void thresholdStick(unsigned int xAxis, unsigned int yAxis, pinDef* up, pinDef* down, pinDef* left, pinDef* right){
  thresholdMagnitude = magnitude(ps2x.Analog(xAxis) - 127, ps2x.Analog(yAxis) - 127);
  if (thresholdMagnitude > THRESHOLD_STICK_DEADZONE){
    thresholdAngle = atan2(ps2x.Analog(yAxis) - 127, ps2x.Analog(xAxis) - 127);
    if (thresholdAngle < 0) { thresholdAngle += 6.2832; }

    if (thresholdAngle >= 0.3972 && thresholdAngle <= 1.1781){ pressPin(up); pressPin(right); } // up right
    else if (thresholdAngle >= 1.1781 && thresholdAngle <= 1.9635){ pressPin(up); } // up
    else if (thresholdAngle >= 1.9635 && thresholdAngle <= 2.7489){ pressPin(up); pressPin(left); } // up left
    else if (thresholdAngle >= 2.7489 && thresholdAngle <= 3.5343){ pressPin(left); } // left
    else if (thresholdAngle >= 3.5343 && thresholdAngle <= 4.3197){ pressPin(down); pressPin(left); } // down left
    else if (thresholdAngle >= 4.3197 && thresholdAngle <= 5.1051){ pressPin(down); } // down
    else if (thresholdAngle >= 5.1051 && thresholdAngle <= 5.8905){ pressPin(down); pressPin(right); } // down right
    else if (thresholdAngle >= 5.8905 || thresholdAngle <= 0.3972){ pressPin(right); } // right
  }
}

void setPot(byte x, byte y){
  Wire.beginTransmission(0);
  Wire.write(B10000000);
  Wire.write(x);
  Wire.write(0);
  Wire.endTransmission();

  Wire.beginTransmission(0);
  Wire.write(B10010000);
  Wire.write(y);
  Wire.write(0);
  Wire.endTransmission();
}

void centerPot(){
  setPot(127, 127);
}

bool psxModeActive(){
  return (leftAnalogMode == LEFT_ANALOG_MODE_PSX);
}

void powerUp(){
  pressPin(&powerPin);
  delay(500);
  releasePin(&powerPin);
}

void startVideoOut(){
  pressPin(&videoPin);
  delay(5000);
  releasePin(&videoPin);
}

void startLedFlash(byte pulses, byte pulseLength) {
  ledCurrentPulse = 0;
  ledTotalPulses = pulses * 2;
  ledPulseLengthMillis = pulseLength;
}

void updateLedFlash() {
  if (ledCurrentPulse >= ledTotalPulses) { return; }

  if (millis() - ledLastMillis >= ledPulseLengthMillis){
    ledLastMillis = millis();
    ledCurrentPulse++;
    if (ledCurrentPulse == ledTotalPulses) {
      digitalWrite(LED_PIN, HIGH);
    } else {
      digitalWrite(LED_PIN, !digitalRead(LED_PIN));
    }
  }
}
",,